{"stats":{"minecraft:mined":{"minecraft:grass_block":2},"minecraft:custom":{"minecraft:jump":22,"minecraft:time_since_rest":10170,"minecraft:leave_game":4,"minecraft:play_time":10170,"minecraft:sprint_one_cm":1477,"minecraft:time_since_death":10170,"minecraft:walk_one_cm":3667,"minecraft:sneak_time":21,"minecraft:total_world_time":10170,"minecraft:fall_one_cm":418,"minecraft:fly_one_cm":3976},"minecraft:used":{"minecraft:barrier":6,"camera:image_frame":1,"minecraft:dirt":2,"minecraft:stone":8},"minecraft:picked_up":{"camera:image":1,"minecraft:dirt":2}},"DataVersion":3465}