{"stats":{"minecraft:used":{"minecraft:barrier":6,"camera:image_frame":1,"minecraft:dirt":2,"minecraft:stone":2},"minecraft:picked_up":{"camera:image":1,"minecraft:dirt":2},"minecraft:custom":{"minecraft:jump":17,"minecraft:time_since_rest":6520,"minecraft:sprint_one_cm":1307,"minecraft:leave_game":2,"minecraft:play_time":6520,"minecraft:time_since_death":6520,"minecraft:walk_one_cm":3362,"minecraft:sneak_time":21,"minecraft:total_world_time":6520,"minecraft:fall_one_cm":418,"minecraft:fly_one_cm":3976},"minecraft:mined":{"minecraft:grass_block":2}},"DataVersion":3465}